"","Nome do usuário","E-mail","Login","CPF","Data de admissão"
"","Valindolfo Blener","3888@hml2.lector.com","blenervalindolfo@gmail.com","null",""
"","Lector Envio 2","94572@hml2.lector.com","lectorenvio2_desativado@gmail.com","null",""
"","tese oloco","141403@hml2.lector.com","oloco@sharklasers.com","null",""
"","Pnuhudjc Sharklasers","152953@hml2.lector.com","pnuhudjc@grr.la","null",""
"","Endereço Endereço","152998@hml2.lector.com","endereco@grr.la","null",""
"","Sud Dus","153475@hml2.lector.com","sud@grr.la","null",""
"","Aluno 5","195374@hml2.lector.com","aluno5@grr.la","null",""
"","Testador De conta","262447@hml2.lector.com","testadoredeconta@grr.la","null",""
"","usuario 792","300705@hml2.lector.com","usuario792@grr.la","null",""
"","t t","363835@hml2.lector.com","t@t.t.t","null",""